LOTNO,OPERATION,OPN,DATE,TIME
4297293,7562,BVXFT3XX0A1XUU0,2015/4/9,031807
9EU9900,7562,ORXAM3XX0C0XUU0,2015/4/9,170612
9EU9900,7562,ORXAM3XX0C0XUU0,2015/4/9,171036
9EU9900,7562,ORXAM3XX0C0XUU0,2015/4/9,171509
9EU9900,7562,ORXAM3XX0C0XUU0,2015/4/9,175234
9EV3811,7562,BVXFT3XX0A1XUU0,2015/4/10,153650
9EV3842,7562,BVXFT3XX0A1XUU0,2015/4/10,145712
9EV3852,7562,BVXFT3XX0A1XUU0,2015/4/10,155857
9EV8771,7562,BVFT3XX0A1XUU0,2015/4/10,130732
9EV8771,7562,BVFT3XX0A1XUU0,2015/4/10,130902
9EV8771,7562,BVXFT3XX0A1XUU0,2015/4/10,131042
9EV9000,7562,TN2FM2XX0A1CUU0,2015/4/10,125743
9EV9000,7562,TN2FM2XX0A1CUU0,2015/4/10,125933
WG30937,7562,KTXBL2XX0AB0AUU0,2015/4/10,215713
WG30937,7562,KTXBL2XX0B0AUU0,2015/4/10,203738
WG30937,7562,KTXBL2XX0B0AUU0,2015/4/10,215810
WG30937,7562,KTXBL2XX0B0AUU0,2015/4/10,220549
WG30937,7562,KTXBL2XX0B0AUU0,2015/4/10,220621
WG30937,7562,KTXBL2XX0B0AUU0,2015/4/10,220702
9EV4481,7562,BVXFT3XX0A1XUU0,2015/4/11,091504
9EV4531,7562,BVXFT3XX0A1XUU0,2015/4/11,075024
9EV4821,7562,BVXFT3XX0A1XUU0,2015/4/11,150927
9EV4831,7562,BVXFT3XX0A1XUU0,2015/4/11,143211
9EV9291,7562,KTXBL2XX0B0AUU0,2015/4/11,072833
WG28905,7562,KBXFT3XX01A1XUU0,2015/4/11,162757
WG28905,7562,KBXFT3XX0A1XUU0,2015/4/11,163255
Y845894,7562,ORXG34R20C0XUU0,2015/4/12,213458
4297372,7562,KBXFT3XX0A1XUU0,2015/4/13,124713
9ET2480,7562,TN1FM2XX0A1DUU0,2015/4/13,153523
9EV7311,7562,KTXBL2XX0B0AUU0,2015/4/13,173704
9EV7311,7562,KTXBL2XX0B0AUU0,2015/4/13,173907
9EV7311,7562,KTXBL2XX0B0AUU0,2015/4/13,174102
9EV9881,7562,KTXBL2XX0B0AUU0,2015/4/13,164618
9EV9941,7562,KTXBL2XX0B0AUU0,2015/4/13,134151
9EV9941,7562,KTXBL2XX0B0AUU0,2015/4/13,134632
WG27931,7562,BVXFT3XX0A1XUU0,2015/4/13,032232
WG28917,7562,KTXBL2XX0B0AUU0,2015/4/13,204550
WG28917,7562,KTXBL2XX0B0AUU0,2015/4/13,205021
WG35263,7562,TN2FM2XX0A1CUU0,2015/4/13,140232
WG35263,7562,TN2FM2XX0A1CUU0,2015/4/13,140723
WG35333,7562,TN2FM2XX0A1CUU0,2015/4/13,143924
Y847465,7562,ORXG34R20C0XUU0,2015/4/13,220015
9EV6280,7562,ORXAM3XX0C0XUU0,2015/4/14,025019
9EV6280,7562,ORXAM3XX0C0XUU0,2015/4/14,025158
9EV6701,7562,KTXBL2XX0B0AUU0,2015/4/14,060607
9EV7331,7562,KTXBL2XX0B0AUU0,2015/4/14,205742
9EV7461,7562,KTXBL2XX0B0AUU0,2015/4/14,171038
9EV7461,7562,KTXBL2XX0B0AUU0,2015/4/14,171139
9EV7680,7562,TN2FM2XX0A1CUU0,2015/4/14,133448
9EV7680,7562,TN2FM2XX0A1CUU0,2015/4/14,140250
9EV7680,7562,TN2FM2XX0A1CUU0,2015/4/14,141714
9EW0300,7562,ORXAM3XX0C0XUU0,2015/4/14,160436
9EW0360,7562,ORXAM3XX0C0XUU0,2015/4/14,163610
9EW0360,7562,ORXAM3XX0C0XUU0,2015/4/14,173842
9EW0390,7562,ORXAM3XX0C0XUU0,2015/4/14,164448
9EW0390,7562,ORXAM3XX0C0XUU0XXX,2015/4/14,164403
9EN1475,7562,ORXG34R20C0XUU0,2015/4/15,202708
9EV6862,7562,KTXBL2XX0B0AUU0,2015/4/15,060427
9EV7011,7562,KTXBL2XX0B0AUU0,2015/4/15,060120
9EV7011,7562,KTXBL2XX0B0AUU0,2015/4/15,073018
9EV7512,7562,KTXBL2XX0B0AUU0,2015/4/15,061420
9EV9582,7562,KTXBL2XX0B0AUU0,2015/4/15,132801
9EV9582,7562,KTXBL2XX0B0AUU0,2015/4/15,133004
9EV9582,7562,KTXBL2XX0B0AUU0,2015/4/15,133046
9EW0270,7562,ORXAM3XX0C0XUU0,2015/4/15,062100
Y864980,7562,ORXAM3XX0C0XUU0,2015/4/15,161631
9EV5891,7562,BVXFT3XX0A1XUU0,2015/4/16,120009
9EV5891,7562,BVXFT3XX0A1XUU0,2015/4/16,121200
9EV6671,7562,KTXBL2XX0B0AUU0,2015/4/16,025310
9EV6681,7562,KTXBL2XX0B0AUU0,2015/4/16,060006
9EV7740,7562,TN2FM2XX0A1CUU0,2015/4/16,104354
9EV7740,7562,TN2FM2XX0A1CUU0,2015/4/16,112215
9EV7740,7562,TN2FM2XX0A1CUU0,2015/4/16,122810
9EV7750,7562,TN2FM2XX0A1CUU0,2015/4/16,093813
9EV7750,7562,TN2FM2XX0A1CUU0,2015/4/16,095301
9EV7871,7562,KTXBL2XX0B0AUU0,2015/4/16,020140
9EV7871,7562,KTXBL2XX0B0AUU0,2015/4/16,024619
9EV7900,7562,TN2FM2XX0A1CUU0,2015/4/16,131040
9EV7900,7562,TN2FM2XX0A1CUU0,2015/4/16,134544
9EV7981,7562,KTXBL2XX0B0AUU0,2015/4/16,205349
9EV8003,7562,KTXBL2XX0B0AUU0,2015/4/16,062823
9EV8003,7562,PRXBL2XX0A1BBS0,2015/4/16,062338
9EW0590,7562,ORXAM3XX0C0XUU0,2015/4/16,145518
Y865900,7562,ORXAM3XX0C0XUU0,2015/4/16,172426
Y865970,7562,ORXAM3XX0C0XUU0,2015/4/16,155951
Y865970,7562,ORXAM3XX0C0XUU0,2015/4/16,163013
Y865980,7562,ORXAM3XX0C0XUU0,2015/4/16,172851
Y866010,7562,ORXAM3XX0C0XUU0,2015/4/16,180039
Y866020,7562,ORXAM3XX0C0XUU0,2015/4/16,152453
4297611,7562,BVXFT3XX0A1XUU0,2015/4/17,125748
4297611,7562,BVXFT3XX0A1XUU0,2015/4/17,130337
9EV6751,7562,KTXBL2XX0B0AUU0,2015/4/17,230311
9EV6821,7562,KTXBL2XX0B0AUU0,2015/4/17,001334
9EV6821,7562,KTXBL2XX0B0AUU0,2015/4/17,001414
9EV6862,7562,KTXBL2XX0B0AUU0,2015/4/17,201447
9EV6862,7562,KTXBL2XX0B0AUU0,2015/4/17,223533
9EV8111,7562,KTXBL2XX0B0AUU0,2015/4/17,040916
9EW0840,7562,ORXC320B2GUU,2015/4/17,133822
9EW0840,7562,ORXC320B2GUU,2015/4/17,223732
9EX0160,7562,TN2FM2XX0A1CUU0,2015/4/17,165827
9EX0411,7562,KTXBL2XX0B0AUU0,2015/4/17,220809
9EX0411,7562,KTXBL2XX0B0AUU0,2015/4/17,222406
9EX0411,7562,KTXBL2XX0B0AUUI0,2015/4/17,222207
WG30984,7562,KBXFT3XX0A1XUU0,2015/4/17,210110
WG30984,7562,KBXFT3XXDA1BFS0,2015/4/17,205904
Y864330,7562,ORXG34R20C0XUU0,2015/4/17,235030
Y864460,7562,ORXG34R20C0XUU0,2015/4/17,223057
Y864590,7562,ORXG34R20C0XUU0,2015/4/17,215205
Y864600,7562,ORXG34R20C0XUU0,2015/4/17,202635
Y864600,7562,ORXG34R20C0XUU0,2015/4/17,205433
Y865940,7562,ORXAM3XX0C0XUU0,2015/4/17,015033
9EV7721,7562,KTXBL2XX0B0AUU0,2015/4/18,024339
9EW0750,7562,ORXAM3XX0C0XUU0,2015/4/18,002634
9EW0921,7562,KTXBL2XX0B0AUU0,2015/4/18,055032
9EX0191,7562,KTXBL2XX0B0AUU0,2015/4/18,093045
9EX0420,7562,TN2FM2XX0A1CUU0,2015/4/18,102019
CORRRUN,7562,ORXC320B2GUU,2015/4/18,220348
CORRRUN,7562,ORXC320B2GUU,2015/4/18,220754
WG30986,7562,KBXFT3XX0A1XUU0,2015/4/18,202515
WG30986,7562,KBXFT3XX0A1XUU0,2015/4/18,204716
WG30986,7562,KBXFT3XX0A1XUU0X,2015/4/18,202424
WG30987,7562,KBXFT3XX0A1XUU0,2015/4/18,095037
Y864330,7562,ORXG34R20C0XUU0,2015/4/18,002004
Y864340,7562,ORXG34R20C0XUU0,2015/4/18,005035
9EW1070,7562,ORXAM3XX0C0XUU0,2015/4/19,015119
9EX0861,7562,KTXBL2XX0B0AUU0,2015/4/19,173949
Y866310,7562,ORXAM3XX0C0XUU0,2015/4/19,143359
Y866310,7562,ORXAM3XX0C0XUU0,2015/4/19,151252
9EW1901,7562,KTXBL2XX0B0AUU0,2015/4/20,223624
9EW6951,7562,BVXFT3XX0A1XUU0,2015/4/20,103233
9EX1032,7562,KTXBL2XX0B0AUU0,2015/4/20,202919
9EX1121,7562,KTXBL2XX0B0AUU0,2015/4/20,154746
Y866620,7562,ORXAM3XX0C0XUU0,2015/4/20,182618
9EV9942,7562,KTXBL2XX0B0AUU0,2015/4/21,023634
9EW1891,7562,KTXBL2XX0B0AUU0,2015/4/21,071751
9EX1270,7562,TN1FM2XX0A1DUU0,2015/4/21,011536
9EX1551,7562,KTXBL2XX0B0AUU0,2015/4/21,102319
9EX1621,7562,KTXBL2XX0B0AUU0,2015/4/21,164003
G179006,7562,BVXFT3XX01XUU0,2015/4/21,172642
G179006,7562,BVXFT3XX0A1XUU0,2015/4/21,172922
G179006,7562,MLXFT3XXDA1BFS0,2015/4/21,172747
WE80377,7562,KTXBL2XX0B0AUU0,2015/4/21,180313
WE80377,7562,KTXBL2XX0B0AUU0,2015/4/21,181102
WG30991,7562,KBXFT3XX0A1XUU0,2015/4/21,013622
WG30991,7562,KBXFT3XX0A1XUU0,2015/4/21,030553
WG30991,7562,KBXFT3XX0A1XUU0,2015/4/21,033250
Y866790,7562,ORXAM3XX0C0XUU0,2015/4/21,183038
Y866790,7562,ORXAM3XX0C0XUU0,2015/4/21,183247
9EV7601,7562,KTXBL2XX0B0AUU0,2015/4/22,030031
9EV7603,7562,KTXBL2XX0B0AUU0,2015/4/22,022116
9EW1283,7562,KTXBL2XX0B0AUU0,2015/4/22,031949
9EW7711,7562,BVXFT3XX0A1XUU0,2015/4/22,220624
9EX1001,7562,KTXBL2XX0B0AUU0,2015/4/22,014344
9EX1003,7562,KTXBL2XX0B0AUU0,2015/4/22,015918
9EX1004,7562,KTXBL2XX0B0AUU0,2015/4/22,024349
9EX1004,7562,XBL2XX0B0AUU0,2015/4/22,024250
9EX1362,7562,KTXBL2XX0B0AUU0,2015/4/22,093836
9EX1381,7562,KTXBL2XX0B0AUU0,2015/4/22,094253
9EX1841,7562,KTXBL2XX0B0AUU0,2015/4/22,033434
9EX2100,7562,TN2FM2XX0A1CUU0,2015/4/22,213950
9EX2100,7562,TN2FM2XX0A1CUU0,2015/4/22,220449
9EX2100,7562,TN2FM2XX0A1CUU0,2015/4/22,223658
WE80430,7562,KTXBL2XX0B0AUU0,2015/4/22,105539
WE805430,7562,KTXBL2XX0B0AUU0,2015/4/22,104955
WG32759,7562,KTXBL2XX0B0AUU0,2015/4/22,011040
9EN3770,7562,ORXAM3XX0C0XUU0,2015/4/23,165450
9en3920,7562,ORXAM3XX0C0XUU0,2015/4/23,160853
9EW6781,7562,KBXFT3XX0A1XUU0,2015/4/23,171305
9EW6981,7562,KBXFT3XX0A1XUU0,2015/4/23,172640
9EW7771,7562,KBXFT3XX0A1XUU0,2015/4/23,175711
9EX0811,7562,KTXBL2XX0B0AUU0,2015/4/23,114628
9EX0820,7562,UDN01XXMAB,2015/4/23,035819
9EX1730,7562,UDN01XXMAB,2015/4/23,050631
9EX2090,7562,TN2FM2XX0A1CUU0,2015/4/23,011703
9EX2090,7562,TN2FM2XX0A1CUU0,2015/4/23,013958
9EX2090,7562,TN2FM2XX0A1CUU0,2015/4/23,015128
9EX2090,7562,TN2FM2XX0A1CUU0,2015/4/23,034008
9EX2090,7562,TN2FM2XX0A1CUU0,2015/4/23,050822
9EX2090,7562,TN2FM2XX0A1CUU0,2015/4/23,054607
9EX2100,7562,TN2FM2XX0A1CUU0,2015/4/23,000450
9EX2223,7562,KTXBL2XX0B0AUU0,2015/4/23,023402
9EX2241,7562,KTXBL2XX0B0AUU0,2015/4/23,032118
9EX2471,7562,KTXBL2XX0B0AUU0,2015/4/23,031734
9EX2471,7562,KTXBL2XX0B0AUU0,2015/4/23,032708
9EX2581,7562,KTXBL2XX0B0AUU0,2015/4/23,164356
9EX2581,7562,KTXBL2XX0B0AUU0,2015/4/23,165651
9EX2613,7562,KTXBL2XX0B0AUU0,2015/4/23,164741
WE80118,7562,KTXBL2XX0B0AUU0,2015/4/23,033815
WE80382,7562,KTXBL2XX0B0AUU0,2015/4/23,023453
WE80382,7562,KTXBL2XX0B0AUU0,2015/4/23,025401
WG31030,7562,KBXFT3XX0A1XUU0,2015/4/23,215206
WG31031,7562,KBXFT3XX0A1XUU0,2015/4/23,122153
WG31033,7562,KBXFT3XX0A1XUU0,2015/4/23,220644
WG31035,7562,KBXFT3XX0A1XUU0,2015/4/23,213623
WG35345,7562,TN2FM2XX0A1CUU0,2015/4/23,015941
WG35345,7562,TN2FM2XX0A1CUU0,2015/4/23,023946
4297756,7562,KBXFT3XX0A1XUU0,2015/4/24,145953
4297756,7562,KBXFT3XX0A1XUU0,2015/4/24,154832
9EW7511,7562,KBXFT3XX0A1XUU0,2015/4/24,144049
9EW7541,7562,KBXFT3XX0A1XUU0,2015/4/24,144956
9EW7611,7562,KBXFT3XX0A1XUU0,2015/4/24,205800
9EW7721,7562,KBXFT3XX0A1XUU0,2015/4/24,143353
9EX0750,7562,TN2FM2XX0A1CUU0,2015/4/24,141102
9EX0950,7562,TN2FM2XX0A1CUU0,2015/4/24,141633
9EX0962,7562,KTXBL2XX0B0AUU0,2015/4/24,055349
9EX0962,7562,KTXBL2XX0B0AUU0,2015/4/24,094731
9EX1090,7562,TN2FM2XX0A1CUU0,2015/4/24,140635
9EX1260,7562,TN2FM2XX0A1CUU0,2015/4/24,142303
9EX2110,7562,TN2FM2XX0A1CUU0,2015/4/24,135856
9EX2290,7562,TN2FM2XX0A1CUU0,2015/4/24,005433
9EX2340,7562,TN2FM2XX0A1CUU0,2015/4/24,052018
9EX7541,7562,KBXFT3XX0A1XUU0,2015/4/24,144546
WE80527,7562,KTXBL2XX0B0AUU0,2015/4/24,051316
WE80550,7562,KTXBL2XX0B0AUU0,2015/4/24,220841
WE80550,7562,KTXBL2XX0B0AUU0,2015/4/24,225735
WE80550,7562,KTXBL2XX0B0AUU0,2015/4/24,225957
WE80550,7562,KTXBL2XX0B0AUU0,2015/4/24,230243
WE80550,7562,KTXBL2XX0B0AUU0,2015/4/24,230704
WE80550,7562,KTXBL2XX0B0AUU0,2015/4/24,231409
4297763,7562,BVXFT3XX0A1XUU0,2015/4/25,014000
4297763,7562,BVXFT3XX0A1XUU0,2015/4/25,014913
4297763,7562,BVXFT3XX0A1XUU0,2015/4/25,015324
4297763,7562,BVXFT3XX0A1XUU0,2015/4/25,015627
4297763,7562,KBXFT3XX0A1XUU0,2015/4/25,011445
4297763,7562,KBXFT3XX0A1XUU0,2015/4/25,013201
9EW7611,7562,BVXFT3XX0A1XUU0,2015/4/25,120143
9EW7611,7562,BVXFT3XXOA1XUUO,2015/4/25,115938
9EW8301,7562,KBXFT3XX0A1XUU0,2015/4/25,123015
9EW8301,7562,KBXFT3XX0A1XUU0,2015/4/25,123410
9EW8391,7562,KBXFT3XX0A1XUU0,2015/4/25,152831
9EX3360,7562,TN2FM2XX0A1CUU0,2015/4/25,044511
9EX3360,7562,TN2FM2XX0A1CUU0,2015/4/25,050044
9EX3500,7562,TN2FM2XX0A1CUU0,2015/4/25,054926
9EX3550,7562,TN2FM2XX0A1CUU0,2015/4/25,050645
9EX3580,7562,TN2FM2XX0A1CUU0,2015/4/25,055418
9EX3580,7562,TN2FM2XX0A1CUU0,2015/4/25,060812
9EX3580,7562,TN2FM2XX0A1CUU0,2015/4/25,062544
9EX3580,7562,TN2FM2XX0A1CUU0,2015/4/25,062617
9EX3721,7562,KTXBL2XX0B0AUU0,2015/4/25,083003
9EX3811,7562,KTXBL2XX0B0AUU0,2015/4/25,161319
9EX3811,7562,KTXBL2XX0B0AUU0,2015/4/25,165804
9EX3811,7562,KTXBL2XX0B0AUU0,2015/4/25,170756
WE80628,7562,KTXBL2XX0B0AUU0,2015/4/25,162054
WG31032,7562,KBXFT3XX0A1XUU0,2015/4/25,011858
WG31032,7562,KBXFT3XX0A1XUU0,2015/4/25,013732
WG32840,7562,KTXBL2XX0B0AUU0,2015/4/25,160903
WG32840,7562,KTXBL2XX0B0AUU0,2015/4/25,161046
9ED3910,7562,TN2FM2XX0A1CUU0,2015/4/26,014621
9EX3870,7562,TN2FM2XX0A1CUU0,2015/4/26,014128
9EX3870,7562,TN2FM2XX0A1CUU0,2015/4/26,020411
9EX3870,7562,TN2FM2XX0A1CUU0,2015/4/26,060108
9EX3910,7562,TN2FM2XX0A1CUU0,2015/4/26,014838
9EX3960,7562,TN2FM2XX0A1CUU0,2015/4/26,021754
9EX3960,7562,TN2FM2XX0A1CUU0,2015/4/26,022611
9EX4571,7562,KTXBL2XX0B0AUU0,2015/4/26,011254
9EX4572,7562,KTXBL2XX0B0AUU0,2015/4/26,192214
9EX4620,7562,TN2FM2XX0A1CUU0,2015/4/26,151710
9EX4650,7562,TN2FM2XX0A1CUU0,2015/4/26,054255
9EX4660,7562,TN2FM2XX0A1CUU0,2015/4/26,205235
9EX4681,7562,KTXBL2XX0B0AUU0,2015/4/26,124236
9EX4701,7562,KTXBL2XX0B0AUU0,2015/4/26,171045
9EX4702,7562,KTXBL2XX0B0AUU0,2015/4/26,135155
9EX4790,7562,TN2FM2XX0A1CUU0,2015/4/26,215523
G178752,7562,KBXFT3XX0A1XUU0,2015/4/26,011648
9EW2570,7562,ORXAM3XX0C0XUU0,2015/4/27,100454
9EW2570,7562,ORXAM3XX0C0XUU0,2015/4/27,100608
9EW2570,7562,ORXAM3XX0C0XUU0,2015/4/27,101258
9EW2670,7562,ORXAM3XX0C0XUU0,2015/4/27,174418
9EW2750,7562,ORXAM3XX0C0XUU0,2015/4/27,010900
9EW2750,7562,ORXAM3XX0C0XUU0,2015/4/27,021028
9EW9390,7562,ORXAM3XX0C0XUU0,2015/4/27,170547
9EX2712,7562,UDN01XXMAB,2015/4/27,082915
9EX4640,7562,TN2FM2XX0A1CUU0,2015/4/27,141225
9EX4751,7562,KTXBL2XX0B0AUU0,2015/4/27,032012
9EX4752,7562,KTXBL2XX0B0AUU0,2015/4/27,175229
9EX4831,7562,KTXBL2XX0B0AUU0,2015/4/27,014653
9EX4831,7562,KTXBL2XX0B0AUU0,2015/4/27,015621
9EX4841,7562,KTXBL2XX0B0AUU0,2015/4/27,012708
9EX4930,7562,TN2FM2XX0A1CUU0,2015/4/27,002900
9EX4950,7562,TN2FM2XX0A1CUU0,2015/4/27,044719
9EX4950,7562,TN2FM2XX0A1CUU0,2015/4/27,044808
9EX4950,7562,TN2FM2XX0A1CUU0,2015/4/27,045057
9EX4950,7562,TN2FM2XX0A1CUU0,2015/4/27,050409
9EX4971,7562,KTXBL2XX0B0AUU0,2015/4/27,161959
9EX4971,7562,KTXBL2XX0B0AUU0,2015/4/27,162514
9EX4971,7562,KTXBL2XX0B0AUU0,2015/4/27,163840
9EX4971,7562,KTXBL2XX0B0AUU0,2015/4/27,171330
9EX4971,7562,KTXBL2XX0B0AUU0,2015/4/27,173105
9EX4971,7562,KTXBL2XX0B0AUU0,2015/4/27,180418
9EX4971,7562,KTXBL2XX0B0AUU0,2015/4/27,181926
9EX5011,7562,KTXBL2XX0B0AUU0,2015/4/27,055501
9EX5040,7562,TN2FM2XX0A1CUU0,2015/4/27,160826
9EX5301,7562,KTXBL2XX0B0AUU0,2015/4/27,174056
9EX5390,7562,TN1FM2XX0A1DUU0,2015/4/27,180121
CORRRUN,7562,ORXC320B2GUU,2015/4/27,212310
CORRRUN,7562,ORXC320B2GUU,2015/4/27,212835
CORRRUN,7562,ORXC320B2GUU,2015/4/27,225624
CORRRUN,7562,ORXC320B2GUU,2015/4/27,225749
CORRRUN,7562,ORXC320B2GUU,2015/4/27,225821
CORRRUN,7562,ORXC320B2GUU,2015/4/27,234305
CORRRUN,7562,ORXC320B2GUU,2015/4/27,235313
WG35016,7562,TN1FM2XX0A1DUU0,2015/4/27,011555
WG35225,7562,TN1FS1R20A1DUU0,2015/4/27,024829
WG35225,7562,TN1FS1R20A1DUU0,2015/4/27,031447
WG35225,7562,TN1FS1R20A1DUU0,2015/4/27,033232
9EW2770,7562,ORXAM3XX0C0XUU0,2015/4/28,011713
9EW9011,7562,KTXBL2XX0B0AUU0,2015/4/28,024900
9EW9390,7562,ORXAM3XX0C0XUU0,2015/4/28,021425
9EX4850,7562,TN2FM2XX0A1CUU0,2015/4/28,025957
9EX5240,7562,TN2FM2XX0A1CUU0,2015/4/28,061741
9EX5250,7562,TN2FM2XX0A1CUU0,2015/4/28,045323
9EX5351,7562,KTXBL2XX0B0AUU0,2015/4/28,054526
9EX5351,7562,KTXBL2XX0B0AUU0,2015/4/28,055936
9EX5361,7562,KTXBL2XX0B0AUU0,2015/4/28,020232
Y864212,7562,ORXAM3XX0C0XUU0,2015/4/28,054108
Y864212,7562,ORXAM3XX0C0XUU0,2015/4/28,054653
Y864212,7562,ORXAM3XX0C0XUU0,2015/4/28,055248
9EW9671,7562,KBXFT3XX0A1XUU0,2015/4/30,150747
9EW9681,7562,KBXFT3XX0A1XUU0,2015/4/30,180635
9EW9811,7562,KBXFT3XX0A1XUU0,2015/4/30,151641
9EW9821,7562,KBXFT3XX0A1UU0,2015/4/30,135835
9EW9821,7562,KBXFT3XX0A1XUU0,2015/4/30,124104
9EW9821,7562,KBXFT3XX0A1XUU0,2015/4/30,125841
9EW9821,7562,KBXFT3XX0A1XUU0,2015/4/30,141229
9EW9951,7562,KBXFT3XX0A1XUU0,2015/4/30,153852
9EX5271,7562,KTXBL2XX0B0AUU0,2015/4/30,044554
9EX5271,7562,KTXBL2XX0B0AUU0,2015/4/30,052144
9EX5271,7562,KTXBL2XX0B0AUU0,2015/4/30,054320
9EX5451,7562,KTXBL2XX0B0AUU0,2015/4/30,005942
9EX5521,7562,KTXBL2XX0B0AUU0,2015/4/30,035449
9EX5821,7562,KTXBL2XX0B0AUU0,2015/4/30,105349
9EX5821,7562,KTXBL2XX0B0AUU0,2015/4/30,110740
9EX5821,7562,KTXBL2XX0B0AUU0,2015/4/30,113007
9EX5821,7562,KTXBL2XX0B0AUU0,2015/4/30,120215
9EX5831,7562,KTXBL2XX0B0AUU0,2015/4/30,161654
9EX5831,7562,KTXBL2XX0B0AUU0,2015/4/30,163433
9EX5831,7562,KTXBL2XX0B0AUU0,2015/4/30,170151
9EX5831,7562,KTXBL2XX0B0AUU0,2015/4/30,173500
9EX6040,7562,TN2FM2XX0A1CUU0,2015/4/30,181431
9EX6231,7562,KTXBL2XX0B0AUU0,2015/4/30,205440
9EX6231,7562,KTXBL2XX0B0AUU0,2015/4/30,213611
9EX6231,7562,KTXBL2XX0B0AUU0,2015/4/30,214136
9EX6231,7562,KTXBL2XX0B0AUU0,2015/4/30,214502
CORRRUN,7562,KTXBL2XX0B0AUU0,2015/4/30,191218
CORRRUN,7562,ORXC320B2GUU,2015/4/30,082447
WG32323,7562,KTXBL20B0AUU0,2015/4/30,094021
WG32323,7562,KTXBL2XX0B0AUU0,2015/4/30,094103
4299811,7562,ORXC320B2GUU,2015/5/1,122820
4299811,7562,ORXC320B2GUU,2015/5/1,122917
4299811,7562,ORXC320B2GUU,2015/5/1,123038
4299811,7562,ORXC320B2GUU,2015/5/1,124101
4299811,7562,ORXC32XX0C0XUU0,2015/5/1,122509
4299811,7562,ORXC32XX0C0XUU0,2015/5/1,122552
4299811,7562,ORXC32XX0C0XUU0,2015/5/1,124400
4299811,7562,ORXC32XX0C0XUU0,2015/5/1,125605
4299811,7562,ORXC32XX0C0XUU0,2015/5/1,125854
4299811,7562,ORXC32XX0C0XUU0,2015/5/1,130744
4299811,7562,ORXC32XX0C0XUU0,2015/5/1,130940
4299811,7562,ORXC32XX0C0XUUO,2015/5/1,130648
9EW9430,7562,ORXAM3XX0C0XUU0,2015/5/1,164355
9EX5690,7562,TN2FM2XX0A1CUU0,2015/5/1,061815
9EX6071,7562,KTXBL2XX0B0AUU0,2015/5/1,013025
9EX6080,7562,TN1FM2XX0A1DUU0,2015/5/1,061738
9EX6130,7562,TN2FM2XX0A1CUU0,2015/5/1,050242
9EX6150,7562,TN2FM2XX0A1CUU0,2015/5/1,051908
9EX6160,7562,TN2FM2XX0A1CUU0,2015/5/1,184513
9EX6160,7562,TN2FM2XX0A1CUU0,2015/5/1,191702
9EX6170,7562,TN2FM2XX0A1CUU0,2015/5/1,053815
9EX6170,7562,TN2FM2XX0A1CUU0,2015/5/1,054440
9EX6170,7562,TN2FM2XX0A1CUU0,2015/5/1,060957
9EX6200,7562,TN2FM2XX0A1CUU0,2015/5/1,051356
9EX6421,7562,KTXBL2XX0B0AUU0,2015/5/1,144813
9EX6421,7562,KTXBL2XX0B0AUU0,2015/5/1,150529
9EX6620,7562,TN1FM2XX0A1DUU0,2015/5/1,181823
9EX6821,7562,KTXBL2XX0B0AUU0,2015/5/1,223645
SB12345,7562,ORXC32XX0C0XUU0,2015/5/1,131545
WE81253,7562,KTXBL2XX0B0AUU0,2015/5/1,004646
9EW9170,7562,TN1FS1R20A1DUU0,2015/5/2,062523
9EW9170,7562,TNFS1R20A1DUU0,2015/5/2,062419
9EW91707,7562,TN1FS1R20A1DUU0,2015/5/2,062252
9EX5640,7562,TN2FM2XX0A1CUU0,2015/5/2,071403
9EX5660,7562,TN2FM2XX0A1CUU0,2015/5/2,061550
9EX6120,7562,TN2FM2XX0A1CUU0,2015/5/2,064303
9EX6761,7562,KTXBL2XX0B0AUU0,2015/5/2,074849
9EX6761,7562,KTXBL2XX0B0AUU0,2015/5/2,085906
9EX6761,7562,KTXBL2XX0B0AUU0,2015/5/2,091126
9EX6831,7562,KTXBL2XX0B0AUU0,2015/5/2,145425
9EX6871,7562,KTXBL2XX0B0AUU0,2015/5/2,074036
9EX6901,7562,KTXBL2XX0B0AUU0,2015/5/2,170342
9EX6901,7562,KTXBL2XX0B0AUU0,2015/5/2,170726
9EX6901,7562,KTXBL2XX0B0AUU0,2015/5/2,172119
W123456,7562,ORXC320B2GUU,2015/5/2,024516
W123456,7562,ORXC32XX0C0XUU0,2015/5/2,023806
W123456,7562,ORXC32XX0C0XUU0,2015/5/2,023907
W123456,7562,ORXC32XX0C0XUU0,2015/5/2,024140
9EX5640,7562,TN2FM2XX0A1CUU0,2015/5/3,001126
9EX6080,7562,TN2FM2XX0A1CUU0,2015/5/3,021639
9EX6480,7562,TN2FM2XX0A1CUU0,2015/5/3,003419
9EX6490,7562,TN2FM2XX0A1CUU0,2015/5/3,004659
9EX6510,7562,TN2FM2XX0A1CUU0,2015/5/3,022542
9EX6520,7562,TN2FM2XX0A1CUU0,2015/5/3,002256
9EX6620,7562,TN2FM2XX0A1CUU0,2015/5/3,010946
9EX6620,7562,TN2FM2XX0A1CUU0,2015/5/3,015616
9EX6620,7562,TN2FM2XX0A1CUUP.1.3,2015/5/3,014941
9EX6710,7562,TN2FM2XX0A1CUU0,2015/5/3,030139
9EX6970,7562,TN2FM2XX0A1CUU0,2015/5/3,052342
9EX6970,7562,TN2FM2XX0A1CUU0,2015/5/3,053302
9EX6970,7562,TN2FM2XX0A1CUUO,2015/5/3,052855
9EX6970,7562,TN2FM2XX0A1CUUO,2015/5/3,053033
9EX7113,7562,KTXBL2XX0B0AUU0,2015/5/3,011705
9EX7230,7562,TN1FM2XX0A1DUU0,2015/5/3,183504
9EX7381,7562,KTXBL2XX0B0AUU0,2015/5/3,231150
9EX7440,7562,TN2FM2XX0A1CUU0,2015/5/3,162148
G179470,7562,TN2FM2XX0A1CUU0,2015/5/3,001005
W123456,7562,ORXC32XX0C0XUU0,2015/5/3,094434
WG30369,7562,KTXBL2XX0B0AUU0,2015/5/3,150655
WG30387,7562,KTXBL2XX0B0AUU0,2015/5/3,180904
Y870250,7562,ORXAM3XX0C0XUU0,2015/5/3,164316
4297811,7562,KBXFT3XX0A1XUU0,2015/5/4,125313
9EX7220,7562,TN2FM2XX0A1CUU0,2015/5/4,132603
9EX7220,7562,TN2FM2XX0A1CUU0,2015/5/4,132719
9EX7220,7562,TN2FM2XX0A1CUU0,2015/5/4,140326
9EX7580,7562,TN2FM2XX0A1CUU0,2015/5/4,123405
9EX7600,7562,TN1FM2XX0A1DUU0,2015/5/4,145733
9EX7600,7562,TN1FM2XX0A1DUU0,2015/5/4,162502
9EX7620,7562,TN2FM2XX0A1CUU0,2015/5/4,141627
9EX7650,7562,TN2FM2XX0A1CUU0,2015/5/4,131844
9EX7671,7562,KTXBL2XX0B0AUU0,2015/5/4,053023
9EX7671,7562,KTXBL2XX0B0AUU0,2015/5/4,054318
9EX7671,7562,KTXBL2XX0B0AUU0,2015/5/4,055035
9EX7720,7562,TN2FM2XX0A1CUU0,2015/5/4,122231
G179452,7562,TN2FM2XX0A1CUU0,2015/5/4,035323
G179452,7562,TN2FM2XX0A1CUU0,2015/5/4,042004
G179452,7562,TN2FM2XX0A1CUU0,2015/5/4,052115
G179452,7562,TN2FM2XX0A1CUU0,2015/5/4,061459
G179464,7562,TN2FM2XX0A1CUU0,2015/5/4,052240
WG30394,7562,KTXBL2XX0B0AUU0,2015/5/4,214530
Y874411,7562,KBXFT3XX0A1XUU0,2015/5/4,132245
4297813,7562,BVXFT3XX0A1XUU0,2015/5/5,044652
4297813,7562,KBXFT3XX0A1XUU0,2015/5/5,045901
4299811,7562,ORXC32XX0C0XUU0,2015/5/5,090544
4299811,7562,ORXC32XX0C0XUU0,2015/5/5,091032
4299811,7562,ORXC32XX0C0XUU0,2015/5/5,103648
4299811,7562,ORXC32XX0C0XUU0,2015/5/5,105630
9EU4622,7562,ORXC32XX0C0XUU0,2015/5/5,122630
9EU4622,7562,ORXC32XX0C0XUU0,2015/5/5,135753
9EW4100,7562,ORXAM3XX0C0XUU0,2015/5/5,162309
9EW4110,7562,ORXAM3XX0C0XUU0,2015/5/5,161827
9EW4251,7562,KTXBL2XX0B0AUU0,2015/5/5,141532
9EW4251,7562,KTXBL2XX0B0AUU0,2015/5/5,180348
9EW4251,7562,KTXBL2XX0B0AUU0,2015/5/5,223742
9EX7571,7562,KTXBL2XX0B0AUU0,2015/5/5,225342
9EX7690,7562,TN2FM2XX0A1CUU0,2015/5/5,133849
9EX7871,7562,KTXBL2XX0B0AUU0,2015/5/5,085638
9EX7971,7562,KTXBL2XX0B0AUU0,2015/5/5,034226
9EX8011,7562,KTXBL2XX0B0AUU0,2015/5/5,110604
9EX8031,7562,KTXBL2XX0B0AUU0,2015/5/5,054404
9EX8110,7562,TN1FM2XX0A1DUU0,2015/5/5,133756
9EX8110,7562,TN1FM2XX0A1DUU0,2015/5/5,135524
9EX8110,7562,TN1FM2XX0A1DUU0,2015/5/5,144121
9EX8110,7562,TN1FM2XX0A1DUU0,2015/5/5,151424
9EX8161,7562,KTXBL2XX0B0AUU0,2015/5/5,223222
9EX8251,7562,KTXBL2XX0B0AUU0,2015/5/5,203530
G179451,7562,TN2FM2XX0A1CUU0,2015/5/5,085656
G179470,7562,TN2FM2XX0A1CUU0,2015/5/5,101101
G179470,7562,TN2FM2XX0A1CUU0,2015/5/5,105115
WG35047,7562,TN1FM2XX0A1DUU0,2015/5/5,004531
WG35047,7562,TN1FM2XX0A1DUU0,2015/5/5,012640
Y870320,7562,ORXAM3XX0C0XUU0,2015/5/5,041423
Y870320,7562,ORXAM3XX0C0XUU0,2015/5/5,050058
Y874431,7562,KBXFT3XX0A1XUU0,2015/5/5,180135
4297828,7562,KBXFT3XX0A1XUU0,2015/5/6,135411
4297833,7562,KBXFT3XX0A1XUU0,2015/5/6,133743
4299843,7562,ORXC32XX0C0XUU0,2015/5/6,132913
4299843,7562,ORXC32XX0C0XUU0,2015/5/6,133009
9EW2092,7562,ORXC320B2GUU,2015/5/6,222039
9EW2092,7562,ORXC320B2GUU,2015/5/6,222122
9EW2092,7562,ORXC320B2GUU,2015/5/6,222207
9EW4400,7562,ORAM3XX0C0XUU0,2015/5/6,043831
9EW4400,7562,ORAM3XX0C0XUU0,2015/5/6,044852
9EW4400,7562,ORXAM3XX0C0XUU0,2015/5/6,042833
9EW4400,7562,ORXAM3XX0C0XUU0,2015/5/6,044949
9EW4400,7562,TN2FM2XX0A1CUU0,2015/5/6,044027
9EW4400,7562,TN2FM2XX0A1CUU0,2015/5/6,044536
9EW4460,7562,ORAM3XX0C0XUU0,2015/5/6,043744
9EW4460,7562,ORXAM3XX0C0XUU0,2015/5/6,031531
9EW4460,7562,ORXAM3XX0C0XUU0,2015/5/6,040729
9EX6890,7562,UDN01XXMAB,2015/5/6,123950
9EX7140,7562,UDN01XXMAB,2015/5/6,135719
9EX7140,7562,UDN01XXMAB,2015/5/6,162638
9EX7240,7562,UDN01XXMAB,2015/5/6,003948
9EX7240,7562,UDN01XXMAB,2015/5/6,045353
9EX7240,7562,UDN01XXMAB,2015/5/6,045427
9EX7240,7562,UDN01XXMAB,2015/5/6,175909
9EX7240,7562,UDN01XXMAB,2015/5/6,192332
9EX7480,7562,UDN01XXMAB,2015/5/6,115013
9EX7491,7562,KTXBL2XX0B0AUU0,2015/5/6,054038
9EX7571,7562,KTXBL2XX0B0AUU0,2015/5/6,004031
9EX8000,7562,TN1FM2XX0A1DUU0,2015/5/6,053305
9EX8161,7562,KTXBL2XX0B0AUU0,2015/5/6,003730
9EX8170,7562,TN2FM2XX0A1CUU0,2015/5/6,041945
9EX8200,7562,TN2FM2XX0A1CUU0,2015/5/6,055554
9EX8200,7562,TN2FM2XX0A1CUU0,2015/5/6,060855
9EX8231,7562,KTXBL2XX0B0AUU0,2015/5/6,005743
9EX8241,7562,KTXBL2XX0B0AUU0,2015/5/6,004332
9EX8242,7562,KTXBL2XX0B0AUU0,2015/5/6,050846
9EX8280,7562,TN2FM2XX0A1CUU0,2015/5/6,184637
9EX8290,7562,TN2FM2XX0A1CUU0,2015/5/6,182256
9EX8311,7562,KTXBL2XX0B0AUU0,2015/5/6,021007
9EX8371,7562,KTXBL2XX0B0AUU0,2015/5/6,181042
9EX8383,7562,KTXBL2XX0B0AUU0,2015/5/6,175004
9EX8400,7562,TN2FM2XX0A1CUU0,2015/5/6,181559
9EX8410,7562,TN2FM2XX0A1CUU0,2015/5/6,170831
9EX8470,7562,UDN01XXMAB,2015/5/6,152045
9EX8470,7562,UDN01XXMAB,2015/5/6,174535
9EX8480,7562,TN2FM2XX0A1CUU0,2015/5/6,175824
9EX8590,7562,TN1FM2XX0A1DUU0,2015/5/6,174914
9EX8590,7562,TN1FM2XX0A1DUU0,2015/5/6,175005
9EX8681,7562,KTXBL2XX0B0AUU0,2015/5/6,205613
9EY8461,7562,KTXBL2XX0B0AUU0,2015/5/6,020937
9EY8461,7562,KTXBL2XX0B0AUU0,2015/5/6,052933
9EW4610,7562,ORXAM3XX0C0XUU0,2015/5/7,062624
9EW4610,7562,ORXAM3XX0C0XUU0,2015/5/7,065146
9EW4610,7562,ORXAM3XX0COXUU0,2015/5/7,065018
9EW8660,7562,ORXAM3XX0C0XUU0,2015/5/7,072056
9EX3492,7562,UDN01XXMAB,2015/5/7,061815
9EX3930,7562,TN2FM2XX0A1CUU0,2015/5/7,181026
9EX7716,7562,TN2FM2XX0A1CUU0,2015/5/7,130128
9EX8391,7562,KTXBL2XX0B0AUU0,2015/5/7,005518
9EX8590,7562,TN1FM2XX0A1DUU0,2015/5/7,074403
9EX8630,7562,TN2FM2XX0A1CUU0,2015/5/7,180703
9EX8630,7562,TN2FM2XX0A1CUU0,2015/5/7,183244
9EX8660,7562,ORXAM3XX0C0XUU0,2015/5/7,065401
9EX8660,7562,TN2FM2XX0A1CUU0,2015/5/7,063752
9EX8660,7562,TN2FM2XX0A1CUU0,2015/5/7,065622
9EX8660,7562,TN2FM2XX0A1CUU0,2015/5/7,071538
9EX8660,7562,TN2FM2XX0A1CUU0,2015/5/7,163815
9EX8660,7562,TN2FM2XX0A1CUU0,2015/5/7,172803
9EX8751,7562,KTXBL2XX0B0AUU0,2015/5/7,015054
9EX8761,7562,KTXBL2XX0B0AUU0,2015/5/7,033807
9EX8770,7562,TN2FM2XX0A1CUU0,2015/5/7,173137
9EX8770,7562,TN2FM2XX0A1CUU0,2015/5/7,174219
9EX8770,7562,TN2FM2XX0A1CUU0,2015/5/7,174820
9EX8900,7562,TN2FM2XX0A1CUU0,2015/5/7,182755
9EX8921,7562,KTXBL2XX0B0AUU0,2015/5/7,052931
9EX8921,7562,KTXBL2XX0B0AUU0,2015/5/7,054723
9EX8921,7562,KTXBL2XX0B0AUU0,2015/5/7,054827
9EX8921,7562,KTXBL2XX0B0AUU0,2015/5/7,054909
9EX9050,7562,TN2FM2XX0A1CUU0,2015/5/7,194759
9EX9050,7562,TN2FM2XX0A1CUU0,2015/5/7,201131
9EX9142,7562,KTXBL2XX0B0AUU0,2015/5/7,142002
9EX9163,7562,KTXBL2XX0B0AUU0,2015/5/7,145356
WG35732,7562,BVFT3XX0A1XUU0,2015/5/7,143224
WG35732,7562,BVXFT3XX0A1XUU0,2015/5/7,143826
9EW4650,7562,ORXAM3XX0C0XUU0,2015/5/8,090614
9EW4990,7562,ORXAM3XX0C0XUU0,2015/5/8,130333
9EW4990,7562,ORXAM3XX0C0XUU0,2015/5/8,131511
9EW4990,7562,ORXAM3XX0C0XUU0,2015/5/8,131846
9EW4990,7562,ORXAM3XX0C0XUU0,2015/5/8,132015
9EW5200,7562,ORXAM3XX0C0XUU0,2015/5/8,134406
9EW5300,7562,ORXAM3XX0C0XUU0,2015/5/8,135944
9EW5340,7562,ORXAM3XX0C0XUU0,2015/5/8,171710
9EX9451,7562,KTXBL2XX0B0AUU0,2015/5/8,114420
9EX9680,7562,TN2FM2XX0A1CUU0,2015/5/8,221104
9EX9680,7562,TN2FM2XX0A1CUU0,2015/5/8,225600
9EX9680,7562,TN2FM2XX0A1CUU0,2015/5/8,234252
9EX9751,7562,KTXBL2XX0B0AUU0,2015/5/8,172104
9EY9801,7562,BVFT3XX0A1XUU0,2015/5/8,174150
9EY9801,7562,BVXFT3XX0A1XUU0,2015/5/8,174349
WG31092,7562,BVXFT3XX0A1XUU0,2015/5/8,151058
WG31092,7562,BVXFT3XX0A1XUU0,2015/5/8,151212
WG31092,7562,BVXFT3XX0A1XUU0,2015/5/8,165930
WG35686,7562,BVXFT3XX0A1XUU0,2015/5/8,165429
Y870520,7562,ORXAM3XX0C0XUU0,2015/5/8,122013
9EW5350,7562,ORXAM3XX0C0XUU0,2015/5/9,173054
9EX5560,7562,TN2FM2XX0A1CUU0,2015/5/9,005547
9EX9560,7562,TN2FM2XX0A1CUU0,2015/5/9,000904
9EX9580,7562,TN2FM2XX0A1CUU0,2015/5/9,011859
9EX9620,7562,TN2FM2XX0A1CUU0,2015/5/9,021525
9EX9620,7562,TN2FM2XX0A1VCUU0,2015/5/9,021423
9EX9660,7562,TN2FM2XX0A1CUU0,2015/5/9,010654
9EX9680,7562,TN2FM2XX0A1CUU0,2015/5/9,000244
9EX9871,7562,KTXBL2XX0B0AUU0,2015/5/9,030135
9EX9871,7562,KTXBL2XX0B0AUU0,2015/5/9,031104
9EX9900,7562,TN2FM2XX0A1CUU0,2015/5/9,174024
9EY0051,7562,KTXBL2XX0B0AUU0,2015/5/9,123314
9EY0051,7562,KTXBL2XX0B0AUU0,2015/5/9,124319
9EY0091,7562,KTXBL2XX0B0AUU0,2015/5/9,053431
9EY0301,7562,KTXBL2XX0B0AUU0,2015/5/9,205421
9EY0481,7562,KTXBL2XX0B0AUU0,2015/5/9,225831
9EY0491,7562,KTXBL2XX0B0AUU0,2015/5/9,224313
9EY0541,7562,KTXBL2XX0B0AUU0,2015/5/9,181921
CORRRUN,7562,ORXC320B2GUU,2015/5/9,051759
WG31106,7562,KBXFT3XXOA1XUUO,2015/5/9,201706
9EX9631,7562,TN2FM2XX0A1CUU0,2015/5/10,085904
9EY0160,7562,TN2FM2XX0A1CUU0,2015/5/10,060253
9EY0160,7562,TN2FM2XX0A1CUU0,2015/5/10,060844
9EY0160,7562,TRN2FM2XX0A1CUU0,2015/5/10,060749
9EY0311,7562,KTXBL2XX0B0AUU0,2015/5/10,012034
9EY0601,7562,KTXBL2XX0B0AUU0,2015/5/10,143820
9EY0680,7562,TN2FM2XX0A1CUU0,2015/5/10,212916
9EY0680,7562,TN2FM2XX0A1CUU0,2015/5/10,215900
9EY0730,7562,TN2FM2XX0A1CUU0,2015/5/10,221314
9EY1250,7562,ORXAM3XX0C0XUU0,2015/5/10,164433
9EY1250,7562,ORXAM3XX0C0XUU0,2015/5/10,181819
9EZ0351,7562,KTXBL2XX0B0AUU0,2015/5/10,051449
9EZ0361,7562,KTXBL2XX0B0AUU0,2015/5/10,020909
WG31105,7562,KBXFT3XX0A1XUU0,2015/5/10,134320
Y870800,7562,ORXAM3XX0C0XUU0,2015/5/10,045041
9EY0860,7562,TN2FM2XX0A1CUU0,2015/5/11,051025
9EY0870,7562,TN2FM2XX0A1CUU0,2015/5/11,001332
9EY0870,7562,TN2FM2XX0A1CUU0,2015/5/11,002857
9EY0910,7562,TN2FM2XX0A1CUU0,2015/5/11,021130
9EY1330,7562,ORXAM3XX0C0XUU0,2015/5/11,181544
9EY1330,7562,ORXAM3XX0C0XUU0,2015/5/11,192256
9EZ3041,7562,KTXBL2XX0B0AUU0,2015/5/11,035353
9EZ3240,7562,TN2FM2XX0A1CUU0,2015/5/11,213649
9EZ3240,7562,TN2FM2XX0A1CUU0,2015/5/11,215631
9EZ3320,7562,TN2FM2XX0A1CUU0,2015/5/11,225341
9EZ3320,7562,TN2FM2XX0A1CUU0,2015/5/11,231055
9EZ3451,7562,KTXBL2XX0B0AUU0,2015/5/11,011741
9EZ3451,7562,KTXBL2XX0B0AUU0,2015/5/11,012252
WG31104,7562,KBXFT3XX0A1XUU0,2015/5/11,135727
WG31104,7562,KBXFT3XX0A1XUU0,2015/5/11,140420
WG31104,7562,KBXFT3XX0A1XUU0,2015/5/11,145250
WG31104,7562,KBXFT3XX0A1XUU0,2015/5/11,152124
WG31104,7562,KBXFT3XXA1XUU0,2015/5/11,140127
WG31108,7562,KBXFT3XX0A1XUU0,2015/5/11,011950
4297919,7562,BVXFT3XX0A1XUU0,2015/5/12,012037
9EY1600,7562,ORXAM3XX0C0XUU0,2015/5/12,051427
9EY1600,7562,ORXAM3XX0C0XUU0,2015/5/12,054109
9EY1600,7562,ORXAM3XX0C0XXUU0,2015/5/12,051341
9EZ0991,7562,BVXFT3XX0A1XUU0,2015/5/12,020800
9EZ0991,7562,BVXFT3XX0A1XUU0,2015/5/12,022110
9EZ1071,7562,BVXFT3XX0A1XUU0,2015/5/12,031721
9EZ1071,7562,BVXFT3XX0A1XUU0,2015/5/12,034511
9EZ1071,7562,BVXFT3XX0A1XUU0,2015/5/12,044158
9EZ1071,7562,BVXFT3XX0A1XUU0,2015/5/12,050754
9EZ3210,7562,TN2FM2XX0A1CUU0,2015/5/12,010716
9EZ3230,7562,TN2FM2XX0A1CUU0,2015/5/12,003000
9EZ3320,7562,TN2FM2XX0A1CUU0,2015/5/12,001005
9EZ3341,7562,KTXBL2XX0B0AUU0,2015/5/12,002451
9EZ3400,7562,TN2FM2XX0A1CUU0,2015/5/12,050054
WE81786,7562,KTXBL2XX0B0AUU0,2015/5/12,062629
